{
   "1847435573": {
      "datetime": "2023-10-25 16:39:45.391683",
      "emil": "23fcj1@icznn.com",
      "emil_data": {
         "datetime": "2023-10-26 12:58:39.142190"
      }
   },
   "5724519766": {
      "datetime": "2023-10-25 16:41:19.197843",
      "emil": "ova7a6n1@icznn.com",
      "emil_data": {
         "datetime": "2023-10-27 21:05:33.565017"
      }
   },
   "6346865616": {
      "datetime": "2023-10-26 12:55:01.297050",
      "emil": null,
      "emil_data": {}
   },
   "5473137780": {
      "datetime": "2023-10-26 12:56:05.939138",
      "emil": null,
      "emil_data": {}
   },
   "5817956942": {
      "datetime": "2023-10-26 13:01:58.369634",
      "emil": "ss107ffs@laafd.com",
      "emil_data": {
         "datetime": "2023-10-26 13:02:31.818899"
      }
   },
   "1397469763": {
      "datetime": "2023-10-26 13:05:05.099189",
      "emil": "ysbdf8@txcct.com",
      "emil_data": {
         "datetime": "2023-10-26 13:05:45.628140"
      }
   },
   "1707363711": {
      "datetime": "2023-10-26 13:05:55.700301",
      "emil": null,
      "emil_data": {}
   },
   "6024124201": {
      "datetime": "2023-10-26 13:10:20.684450",
      "emil": "a1t8p0@laafd.com",
      "emil_data": {
         "datetime": "2023-10-26 13:10:31.739325"
      }
   },
   "5789819429": {
      "datetime": "2023-10-26 13:13:11.342803",
      "emil": "m2yalw84@icznn.com",
      "emil_data": {
         "datetime": "2023-10-26 13:13:35.761660"
      }
   },
   "6484035390": {
      "datetime": "2023-10-26 13:17:20.269353",
      "emil": "m2jg2xon@laafd.com",
      "emil_data": {
         "datetime": "2023-10-27 10:26:16.024939"
      }
   },
   "5942708475": {
      "datetime": "2023-10-26 13:17:57.648719",
      "emil": null,
      "emil_data": {}
   },
   "5730820819": {
      "datetime": "2023-10-26 13:23:33.595539",
      "emil": null,
      "emil_data": {}
   },
   "963850801": {
      "datetime": "2023-10-26 13:26:06.969617",
      "emil": "1lc485hai45@icznn.com",
      "emil_data": {
         "datetime": "2023-10-26 13:26:30.717419"
      }
   },
   "2070212579": {
      "datetime": "2023-10-26 13:30:44.160096",
      "emil": null,
      "emil_data": {}
   },
   "5805826008": {
      "datetime": "2023-10-26 14:14:21.399799",
      "emil": null,
      "emil_data": {}
   },
   "5746996510": {
      "datetime": "2023-10-26 14:34:08.598379",
      "emil": null,
      "emil_data": {}
   },
   "898762742": {
      "datetime": "2023-10-26 14:34:09.404276",
      "emil": null,
      "emil_data": {}
   },
   "1322420058": {
      "datetime": "2023-10-26 15:36:24.543599",
      "emil": null,
      "emil_data": {}
   },
   "5223307113": {
      "datetime": "2023-10-26 15:43:02.442505",
      "emil": null,
      "emil_data": {}
   },
   "2018287597": {
      "datetime": "2023-10-26 18:09:41.215488",
      "emil": "p4de49cogd2@ezztt.com",
      "emil_data": {
         "datetime": "2023-10-26 18:10:57.276344"
      }
   },
   "5842836371": {
      "datetime": "2023-10-27 11:26:55.658741",
      "emil": null,
      "emil_data": {}
   }
}